CO,MQ135,Temperature,Humidity,CO2,TVOC,DustDensity
163,42.0,33.8,49.0,520.0,18.0,21.0
162,37.0,33.8,49.0,637.0,36.0,9.0
173,47.0,33.7,50.0,679.0,42.0,3.0
168,37.0,33.3,51.0,539.0,21.0,0.0
168,37.0,33.3,52.0,697.0,45.0,0.0
170,40.0,33.3,52.0,717.0,48.0,20.0
171,40.0,33.3,53.0,730.0,50.0,4.0
171,42.0,33.3,53.0,570.0,25.0,6.0
167,38.0,33.3,53.0,692.0,44.0,3.0
172,40.0,33.3,53.0,699.0,45.0,0.0
172,40.0,33.3,53.0,714.0,47.0,4.0
168,39.0,33.3,52.0,615.0,32.0,0.0
168,39.0,33.3,52.0,702.0,46.0,0.0
166,42.0,33.3,52.0,668.0,40.0,4.0
167,39.0,33.3,51.0,612.0,32.0,0.0
167,42.0,33.3,50.0,600.0,30.0,3.0
170,43.0,33.3,50.0,581.0,27.0,5.0
178,44.0,33.3,50.0,546.0,22.0,14.0
163,42.0,33.3,49.0,520.0,18.0,19.0
161,37.0,33.8,45.0,502.0,15.0,0.0
163,44.0,33.8,44.0,501.0,15.0,4.0
156,35.0,33.8,43.0,519.0,18.0,0.0
156,35.0,33.8,42.0,534.0,20.0,0.0
154,38.0,33.8,41.0,501.0,15.0,0.0
150,38.0,34.2,40.0,534.0,20.0,1.0
154,40.0,34.2,39.0,542.0,21.0,0.0
153,42.0,34.2,39.0,551.0,23.0,6.0
151,38.0,34.2,39.0,526.0,19.0,0.0
151,38.0,33.8,40.0,650.0,38.0,0.0
156,40.0,33.8,41.0,679.0,42.0,0.0
149,37.0,33.8,41.0,710.0,47.0,1.0
156,36.0,33.8,42.0,656.0,39.0,0.0
157,43.0,33.8,41.0,704.0,46.0,0.0
154,35.0,33.8,42.0,726.0,49.0,0.0
159,45.0,33.8,43.0,752.0,53.0,7.0
157,38.0,33.4,44.0,591.0,29.0,134.0
158,38.0,33.3,45.0,810.0,62.0,0.0
159,39.0,33.3,45.0,830.0,65.0,0.0
164,40.0,33.3,45.0,817.0,63.0,136.0
163,43.0,33.3,46.0,851.0,68.0,0.0
161,38.0,33.3,46.0,868.0,71.0,0.0
159,38.0,33.3,46.0,857.0,69.0,0.0
162,38.0,33.3,46.0,874.0,72.0,0.0
162,38.0,33.3,47.0,877.0,72.0,0.0
165,42.0,33.3,47.0,882.0,73.0,0.0
168,40.0,33.3,47.0,897.0,75.0,120.0
163,38.0,33.3,48.0,895.0,75.0,0.0
167,43.0,33.3,48.0,900.0,76.0,0.0
163,35.0,33.3,48.0,885.0,73.0,0.0
167,43.0,33.3,48.0,885.0,73.0,1.0
163,38.0,33.3,48.0,857.0,69.0,5.0
163,38.0,33.3,47.0,855.0,69.0,0.0
163,38.0,33.3,47.0,870.0,71.0,0.0
164,40.0,33.3,48.0,874.0,72.0,0.0
167,42.0,33.3,48.0,865.0,70.0,5.0
164,38.0,33.3,48.0,840.0,67.0,7.0
163,38.0,33.3,47.0,815.0,63.0,0.0
163,35.0,33.3,46.0,795.0,60.0,0.0
167,40.0,33.2,46.0,785.0,58.0,0.0
169,40.0,33.2,46.0,778.0,57.0,4.0
167,42.0,33.2,46.0,686.0,43.0,28.0
165,42.0,33.1,46.0,772.0,56.0,3.0
172,48.0,33.2,46.0,770.0,56.0,48.0
163,38.0,33.3,46.0,659.0,39.0,0.0
166,42.0,33.3,45.0,706.0,46.0,3.0
163,38.0,33.3,45.0,714.0,47.0,0.0
161,35.0,33.2,45.0,697.0,45.0,0.0
164,43.0,33.1,45.0,732.0,50.0,0.0
167,40.0,32.9,46.0,717.0,48.0,4.0
160,37.0,32.9,46.0,702.0,46.0,1.0
159,38.0,33.2,45.0,699.0,45.0,0.0
170,44.0,32.9,46.0,624.0,34.0,0.0
170,42.0,32.9,46.0,704.0,46.0,0.0
164,39.0,32.9,47.0,688.0,43.0,61.0
168,39.0,33.2,45.0,666.0,40.0,106.0
162,38.0,33.3,45.0,646.0,37.0,79.0
159,38.0,33.3,45.0,652.0,38.0,0.0
160,37.0,33.3,45.0,650.0,38.0,64.0
159,38.0,33.3,45.0,519.0,18.0,0.0
159,38.0,33.3,45.0,638.0,36.0,0.0
159,38.0,33.3,45.0,624.0,34.0,0.0
159,38.0,33.3,44.0,620.0,33.0,0.0
159,38.0,33.3,44.0,612.0,32.0,0.0
159,38.0,33.3,44.0,605.0,31.0,0.0
160,38.0,33.3,44.0,624.0,34.0,0.0
159,39.0,33.3,44.0,634.0,35.0,0.0
159,38.0,33.3,45.0,650.0,38.0,0.0
164,40.0,33.3,45.0,730.0,50.0,0.0
162,42.0,33.3,45.0,682.0,42.0,2.0
163,38.0,33.3,45.0,776.0,57.0,21.0
168,40.0,33.2,46.0,780.0,57.0,4.0
170,40.0,33.3,46.0,742.0,52.0,0.0
165,41.0,33.3,46.0,793.0,59.0,0.0
166,37.0,33.2,46.0,800.0,60.0,7.0
166,42.0,33.2,46.0,776.0,57.0,3.0
166,42.0,33.2,46.0,793.0,59.0,0.0
170,40.0,33.2,46.0,798.0,60.0,0.0
167,38.0,33.3,46.0,778.0,57.0,0.0
165,35.0,33.2,46.0,785.0,58.0,0.0
167,38.0,33.2,46.0,808.0,62.0,0.0
165,35.0,33.3,46.0,785.0,58.0,1.0
165,38.0,33.3,46.0,754.0,53.0,20.0
170,41.0,33.3,46.0,754.0,53.0,83.0
168,37.0,33.3,46.0,770.0,56.0,0.0
167,39.0,33.3,46.0,746.0,52.0,0.0
167,38.0,33.3,46.0,737.0,51.0,0.0
168,38.0,33.3,46.0,726.0,49.0,0.0
172,40.0,33.3,46.0,638.0,36.0,0.0
169,38.0,33.3,46.0,714.0,47.0,0.0
169,38.0,33.3,46.0,715.0,47.0,0.0
170,43.0,33.3,46.0,675.0,41.0,3.0
167,38.0,33.3,46.0,666.0,40.0,29.0
167,38.0,33.3,45.0,646.0,37.0,0.0
171,40.0,33.3,44.0,596.0,29.0,6.0
171,40.0,33.3,44.0,599.0,30.0,16.0
168,42.0,33.3,44.0,589.0,28.0,5.0
173,47.0,33.3,44.0,597.0,30.0,91.0
172,40.0,33.3,44.0,594.0,29.0,0.0
167,39.0,33.3,44.0,597.0,30.0,0.0
167,38.0,33.3,44.0,569.0,25.0,0.0
162,35.0,33.3,43.0,552.0,23.0,0.0
165,39.0,33.3,43.0,561.0,24.0,0.0
167,43.0,33.3,43.0,549.0,22.0,4.0
164,38.0,33.3,43.0,548.0,22.0,1.0
163,38.0,33.3,43.0,545.0,22.0,0.0
164,37.0,33.3,43.0,537.0,20.0,0.0
164,37.0,33.3,43.0,540.0,21.0,0.0
168,37.0,33.3,43.0,539.0,21.0,8.0
164,41.0,33.3,43.0,548.0,22.0,3.0
165,41.0,33.3,43.0,546.0,22.0,0.0
167,38.0,33.3,43.0,533.0,20.0,0.0
171,47.0,33.3,43.0,543.0,21.0,233.0
165,38.0,33.3,43.0,539.0,21.0,0.0
172,41.0,33.3,43.0,514.0,17.0,0.0
169,43.0,33.3,42.0,537.0,20.0,4.0
165,42.0,33.3,42.0,527.0,19.0,2.0
167,41.0,33.3,41.0,545.0,22.0,2.0
167,38.0,33.3,42.0,480.0,12.0,0.0
167,38.0,33.3,42.0,549.0,22.0,15.0
174,40.0,33.3,42.0,540.0,21.0,0.0
174,40.0,33.3,42.0,523.0,18.0,0.0
168,38.0,33.3,42.0,555.0,23.0,0.0
171,40.0,33.3,42.0,553.0,23.0,6.0
169,42.0,33.3,42.0,574.0,26.0,0.0
165,38.0,33.3,42.0,577.0,26.0,23.0
170,40.0,33.3,42.0,569.0,25.0,0.0
166,39.0,33.3,42.0,569.0,25.0,0.0
163,38.0,33.3,42.0,578.0,27.0,1.0
164,37.0,33.3,42.0,594.0,29.0,0.0
168,37.0,33.4,42.0,581.0,27.0,0.0
163,38.0,33.7,42.0,589.0,28.0,0.0
171,41.0,33.8,42.0,591.0,29.0,2.0
167,38.0,33.7,42.0,584.0,28.0,0.0
180,40.0,33.4,43.0,592.0,29.0,0.0
176,40.0,33.3,43.0,603.0,30.0,0.0
171,39.0,33.3,43.0,607.0,31.0,25.0
176,39.0,33.3,43.0,577.0,26.0,0.0
167,38.0,33.7,43.0,566.0,25.0,0.0
176,40.0,33.8,42.0,553.0,23.0,0.0
167,42.0,33.8,42.0,531.0,19.0,4.0
174,50.0,33.7,41.0,472.0,10.0,22.0
180,40.0,33.7,41.0,549.0,22.0,2.0
173,35.0,33.4,41.0,555.0,23.0,0.0
171,41.0,33.3,41.0,560.0,24.0,0.0
167,43.0,33.3,41.0,555.0,23.0,3.0
176,42.0,33.3,41.0,553.0,23.0,4.0
168,38.0,33.3,41.0,549.0,22.0,0.0
169,39.0,33.7,41.0,540.0,21.0,0.0
167,38.0,33.4,41.0,476.0,11.0,0.0
168,40.0,33.4,41.0,548.0,22.0,0.0
165,38.0,33.3,41.0,551.0,23.0,0.0
170,40.0,33.3,41.0,548.0,22.0,14.0
167,43.0,33.3,41.0,560.0,24.0,5.0
165,42.0,33.3,41.0,561.0,24.0,7.0
165,38.0,33.3,41.0,567.0,25.0,0.0
165,38.0,33.3,41.0,569.0,25.0,0.0
166,41.0,33.3,41.0,575.0,26.0,7.0
165,35.0,33.3,42.0,572.0,26.0,0.0
165,41.0,33.3,42.0,537.0,20.0,0.0
164,35.0,33.3,42.0,570.0,25.0,0.0
165,38.0,33.3,42.0,577.0,26.0,7.0
165,35.0,33.3,42.0,567.0,25.0,17.0
166,41.0,33.3,42.0,566.0,25.0,2.0
165,35.0,33.3,42.0,560.0,24.0,0.0
163,38.0,33.3,42.0,534.0,20.0,0.0
163,41.0,33.3,41.0,534.0,20.0,18.0
164,36.0,33.4,41.0,529.0,19.0,0.0
163,37.0,33.3,41.0,534.0,20.0,0.0
168,40.0,33.3,41.0,539.0,21.0,0.0
163,37.0,33.3,41.0,533.0,20.0,15.0
168,35.0,33.3,41.0,537.0,20.0,0.0
167,42.0,33.3,41.0,549.0,22.0,4.0
163,42.0,33.3,41.0,548.0,22.0,1.0
163,38.0,33.3,41.0,551.0,23.0,1.0
163,38.0,33.3,41.0,485.0,12.0,0.0
167,44.0,33.3,41.0,542.0,21.0,26.0
163,38.0,33.3,41.0,540.0,21.0,0.0
159,38.0,33.3,41.0,542.0,21.0,0.0
159,38.0,33.4,41.0,548.0,22.0,1.0
161,41.0,33.4,41.0,400.0,0.0,2.0
164,40.0,33.4,41.0,536.0,20.0,0.0
161,38.0,33.3,41.0,537.0,20.0,0.0
160,35.0,33.4,41.0,540.0,21.0,1.0
160,35.0,33.5,41.0,552.0,23.0,0.0
160,36.0,33.7,41.0,551.0,23.0,0.0
170,48.0,33.7,41.0,531.0,19.0,9.0
164,42.0,33.7,41.0,543.0,21.0,3.0
162,41.0,33.4,41.0,546.0,22.0,1.0
165,42.0,33.4,41.0,549.0,22.0,6.0
163,42.0,33.3,41.0,555.0,23.0,3.0
167,42.0,33.3,41.0,566.0,25.0,4.0
163,38.0,33.3,41.0,564.0,24.0,0.0
163,38.0,33.4,41.0,548.0,22.0,0.0
162,38.0,33.7,41.0,540.0,21.0,0.0
159,38.0,33.8,41.0,546.0,22.0,41.0
159,41.0,33.8,41.0,527.0,19.0,7.0
164,42.0,33.8,41.0,485.0,12.0,3.0
162,38.0,33.8,41.0,536.0,20.0,1.0
162,38.0,33.7,41.0,539.0,21.0,0.0
168,40.0,33.7,41.0,519.0,18.0,0.0
168,41.0,33.4,41.0,548.0,22.0,88.0
167,40.0,33.4,41.0,552.0,23.0,4.0
163,38.0,33.3,41.0,551.0,23.0,0.0
164,41.0,33.3,41.0,551.0,23.0,4.0
163,38.0,33.3,41.0,556.0,23.0,0.0
164,38.0,33.4,41.0,555.0,23.0,1.0
168,40.0,33.4,41.0,502.0,15.0,0.0
168,40.0,33.4,41.0,542.0,21.0,0.0
165,44.0,33.7,41.0,533.0,20.0,3.0
159,38.0,33.8,41.0,527.0,19.0,0.0
161,38.0,33.8,41.0,545.0,22.0,9.0
160,35.0,33.8,41.0,575.0,26.0,0.0
159,37.0,33.8,41.0,542.0,21.0,0.0
165,46.0,33.8,41.0,403.0,0.0,1.0
161,35.0,33.8,41.0,414.0,2.0,25.0
163,38.0,33.8,41.0,543.0,21.0,0.0
164,36.0,33.7,41.0,575.0,26.0,0.0
163,38.0,33.7,41.0,581.0,27.0,2.0
166,42.0,33.4,41.0,592.0,29.0,4.0
164,38.0,33.7,41.0,591.0,29.0,0.0
164,38.0,33.7,41.0,597.0,30.0,1.0
163,38.0,33.7,41.0,594.0,29.0,0.0
162,38.0,33.8,41.0,592.0,29.0,0.0
164,37.0,33.8,42.0,594.0,29.0,0.0
162,38.0,33.8,42.0,567.0,25.0,0.0
162,35.0,33.8,42.0,556.0,23.0,0.0
164,40.0,33.8,42.0,574.0,26.0,0.0
163,37.0,33.8,42.0,564.0,24.0,0.0
166,40.0,33.8,42.0,570.0,25.0,4.0
163,38.0,33.8,42.0,556.0,23.0,0.0
163,37.0,33.8,42.0,556.0,23.0,2.0
166,40.0,33.8,42.0,537.0,20.0,0.0
164,37.0,33.8,43.0,566.0,25.0,0.0
170,40.0,33.8,43.0,575.0,26.0,0.0
166,38.0,33.8,43.0,556.0,23.0,0.0
168,40.0,33.8,43.0,584.0,28.0,0.0
165,38.0,33.8,43.0,589.0,28.0,2.0
169,42.0,33.8,44.0,552.0,23.0,3.0
161,38.0,33.8,44.0,470.0,10.0,0.0
169,41.0,33.8,44.0,614.0,32.0,0.0
171,42.0,33.7,44.0,581.0,27.0,6.0
166,38.0,33.8,44.0,623.0,33.0,14.0
170,40.0,33.7,44.0,620.0,33.0,4.0
172,42.0,33.8,44.0,603.0,30.0,3.0
172,42.0,33.7,44.0,594.0,29.0,2.0
167,40.0,33.8,44.0,596.0,29.0,1.0
167,38.0,33.7,44.0,581.0,27.0,0.0
172,40.0,33.7,44.0,594.0,29.0,0.0
167,38.0,33.7,45.0,584.0,28.0,0.0
161,35.0,33.8,45.0,603.0,30.0,0.0
166,46.0,33.8,45.0,441.0,6.0,5.0
168,40.0,33.8,45.0,574.0,26.0,0.0
168,35.0,33.8,45.0,552.0,23.0,0.0
168,38.0,33.8,45.0,526.0,19.0,0.0
168,38.0,33.8,45.0,545.0,22.0,0.0
168,41.0,33.7,45.0,543.0,21.0,0.0
172,40.0,33.7,45.0,531.0,19.0,28.0
170,42.0,33.7,45.0,531.0,19.0,4.0
177,46.0,33.8,45.0,537.0,20.0,3.0
167,38.0,33.7,45.0,531.0,19.0,0.0
167,38.0,33.7,45.0,540.0,21.0,0.0
167,41.0,33.7,45.0,540.0,21.0,0.0
167,38.0,33.4,45.0,545.0,22.0,0.0
167,41.0,33.4,45.0,548.0,22.0,0.0
168,37.0,33.4,45.0,548.0,22.0,0.0
171,42.0,33.7,45.0,534.0,20.0,4.0
168,35.0,33.7,45.0,518.0,17.0,0.0
167,38.0,33.7,45.0,567.0,25.0,15.0
168,38.0,33.7,45.0,566.0,25.0,0.0
169,38.0,33.7,45.0,556.0,23.0,0.0
169,38.0,33.7,45.0,580.0,27.0,0.0
170,38.0,33.6,46.0,580.0,27.0,0.0
171,42.0,33.4,46.0,581.0,27.0,3.0
167,38.0,33.4,46.0,588.0,28.0,0.0
172,42.0,33.4,46.0,584.0,28.0,4.0
173,42.0,33.4,46.0,592.0,29.0,4.0
174,42.0,33.4,46.0,545.0,22.0,4.0
171,41.0,33.4,46.0,588.0,28.0,0.0
171,38.0,33.7,46.0,575.0,26.0,0.0
170,41.0,33.7,46.0,561.0,24.0,4.0
170,37.0,33.8,46.0,561.0,24.0,0.0
170,39.0,33.8,45.0,551.0,23.0,2.0
173,44.0,33.8,45.0,500.0,15.0,4.0
167,38.0,33.8,45.0,560.0,24.0,0.0
167,38.0,33.8,45.0,543.0,21.0,0.0
167,38.0,33.8,45.0,527.0,19.0,0.0
173,43.0,33.8,45.0,548.0,22.0,0.0
170,40.0,33.8,45.0,572.0,26.0,4.0
162,35.0,33.8,45.0,570.0,25.0,0.0
166,39.0,33.8,45.0,543.0,21.0,0.0
168,35.0,33.8,45.0,530.0,19.0,0.0
168,36.0,33.8,45.0,536.0,20.0,0.0
167,38.0,33.8,45.0,536.0,20.0,0.0
167,41.0,33.8,45.0,536.0,20.0,1.0
168,41.0,33.8,45.0,536.0,20.0,3.0
168,35.0,33.8,45.0,476.0,11.0,1.0
167,38.0,33.8,45.0,527.0,19.0,0.0
167,38.0,33.7,45.0,533.0,20.0,0.0
167,38.0,33.7,45.0,523.0,18.0,1.0
167,38.0,33.7,44.0,537.0,20.0,3.0
167,38.0,33.8,44.0,543.0,21.0,0.0
169,39.0,33.8,44.0,551.0,23.0,0.0
168,41.0,33.8,44.0,542.0,21.0,2.0
168,40.0,33.8,44.0,546.0,22.0,0.0
172,41.0,33.8,44.0,551.0,23.0,0.0
164,45.0,33.8,44.0,486.0,13.0,3.0
171,39.0,33.8,44.0,552.0,23.0,0.0
168,41.0,33.8,44.0,555.0,23.0,0.0
167,38.0,33.8,44.0,542.0,21.0,0.0
167,38.0,33.8,44.0,542.0,21.0,0.0
168,37.0,33.8,44.0,548.0,22.0,0.0
170,43.0,33.8,44.0,483.0,12.0,1.0
173,39.0,33.8,44.0,561.0,24.0,0.0
167,38.0,33.8,44.0,560.0,24.0,1.0
172,42.0,33.8,44.0,551.0,23.0,3.0
169,38.0,33.7,44.0,478.0,11.0,0.0
168,37.0,33.7,44.0,549.0,22.0,0.0
171,42.0,33.7,44.0,546.0,22.0,9.0
169,38.0,33.7,44.0,533.0,20.0,0.0
168,37.0,33.8,44.0,542.0,21.0,0.0
171,44.0,33.8,44.0,545.0,22.0,3.0
167,38.0,33.8,44.0,497.0,14.0,0.0
172,40.0,33.8,44.0,527.0,19.0,0.0
172,43.0,33.8,44.0,526.0,19.0,33.0
172,40.0,33.8,44.0,518.0,17.0,8.0
168,37.0,33.8,44.0,536.0,20.0,0.0
168,36.0,33.8,44.0,553.0,23.0,0.0
169,41.0,33.8,44.0,560.0,24.0,1.0
169,38.0,33.7,44.0,567.0,25.0,0.0
169,38.0,33.7,44.0,570.0,25.0,1.0
174,40.0,33.7,44.0,570.0,25.0,0.0
169,35.0,33.7,44.0,552.0,23.0,0.0
169,35.0,33.7,44.0,577.0,26.0,0.0
168,40.0,33.7,45.0,591.0,29.0,0.0
175,40.0,33.4,45.0,591.0,29.0,8.0
165,43.0,33.4,45.0,527.0,19.0,0.0
177,43.0,33.4,45.0,605.0,31.0,3.0
178,40.0,33.4,45.0,611.0,32.0,4.0
173,39.0,33.4,45.0,615.0,32.0,0.0
180,48.0,33.4,45.0,614.0,32.0,9.0
176,40.0,33.4,45.0,476.0,11.0,0.0
176,40.0,33.3,45.0,617.0,33.0,0.0
174,40.0,33.4,45.0,620.0,33.0,0.0
177,42.0,33.4,45.0,603.0,30.0,4.0
177,42.0,33.4,45.0,464.0,9.0,5.0
174,39.0,33.4,45.0,631.0,35.0,0.0
174,41.0,33.4,45.0,643.0,37.0,0.0
176,35.0,33.4,45.0,640.0,36.0,9.0
178,40.0,33.7,46.0,465.0,9.0,4.0
176,37.0,33.7,46.0,649.0,37.0,0.0
178,43.0,33.5,46.0,572.0,26.0,10.0
178,43.0,33.4,46.0,631.0,35.0,6.0
176,40.0,33.4,46.0,629.0,34.0,16.0
178,42.0,33.4,46.0,633.0,35.0,4.0
176,40.0,33.4,46.0,645.0,37.0,0.0
179,44.0,33.4,46.0,643.0,37.0,3.0
176,37.0,33.4,46.0,627.0,34.0,0.0
175,39.0,33.4,46.0,641.0,36.0,0.0
175,39.0,33.4,46.0,640.0,36.0,0.0
179,42.0,33.4,46.0,643.0,37.0,4.0
173,39.0,33.4,46.0,589.0,28.0,2.0
180,43.0,33.3,46.0,565.0,25.0,0.0
187,43.0,33.4,46.0,643.0,37.0,0.0
179,42.0,33.3,46.0,633.0,35.0,0.0
181,40.0,33.4,46.0,631.0,35.0,0.0
177,39.0,33.4,46.0,597.0,30.0,0.0
180,44.0,33.4,46.0,565.0,25.0,4.0
175,39.0,33.5,46.0,634.0,35.0,0.0
182,40.0,33.7,46.0,626.0,34.0,0.0
175,39.0,33.6,46.0,483.0,12.0,0.0
177,41.0,33.6,46.0,633.0,35.0,1.0
179,42.0,33.6,46.0,627.0,34.0,3.0
180,43.0,33.4,46.0,629.0,34.0,4.0
178,39.0,33.4,46.0,626.0,34.0,0.0
177,39.0,33.4,46.0,602.0,30.0,0.0
180,44.0,33.7,46.0,588.0,28.0,4.0
176,35.0,33.8,46.0,584.0,28.0,0.0
181,44.0,33.8,46.0,575.0,26.0,3.0
175,39.0,33.8,46.0,581.0,27.0,0.0
177,37.0,33.8,45.0,744.0,52.0,0.0
181,39.0,33.8,45.0,749.0,53.0,0.0
179,39.0,33.8,45.0,748.0,53.0,0.0
181,39.0,33.8,45.0,717.0,48.0,0.0
180,39.0,33.8,45.0,683.0,43.0,0.0
180,39.0,33.8,45.0,650.0,38.0,6.0
179,43.0,33.8,45.0,574.0,26.0,2.0
176,39.0,33.8,45.0,614.0,32.0,0.0
181,44.0,33.8,45.0,592.0,29.0,3.0
177,42.0,33.8,44.0,508.0,16.0,0.0
175,39.0,33.8,44.0,527.0,19.0,0.0
172,37.0,33.8,44.0,534.0,20.0,0.0
174,41.0,33.8,43.0,492.0,14.0,0.0
175,39.0,33.8,44.0,448.0,7.0,0.0
181,42.0,33.8,43.0,487.0,13.0,10.0
175,42.0,33.8,43.0,515.0,17.0,0.0
176,40.0,33.8,43.0,524.0,18.0,0.0
173,41.0,33.8,43.0,520.0,18.0,0.0
173,38.0,33.8,43.0,531.0,19.0,0.0
173,39.0,33.8,43.0,534.0,20.0,0.0
169,48.0,33.8,43.0,459.0,8.0,5.0
175,38.0,33.8,43.0,530.0,19.0,1.0
176,35.0,33.8,43.0,400.0,0.0,0.0
173,38.0,33.8,43.0,418.0,2.0,0.0
175,38.0,33.8,43.0,552.0,23.0,0.0
177,39.0,33.8,43.0,565.0,25.0,0.0
179,43.0,33.8,43.0,575.0,26.0,0.0
175,39.0,33.8,43.0,686.0,43.0,0.0
181,40.0,33.8,44.0,692.0,44.0,0.0
175,39.0,33.8,44.0,712.0,47.0,0.0
175,39.0,33.8,44.0,712.0,47.0,0.0
175,39.0,33.8,44.0,668.0,40.0,0.0
176,41.0,33.8,43.0,746.0,52.0,2.0
176,41.0,33.8,44.0,746.0,52.0,1.0
175,38.0,33.8,44.0,640.0,36.0,0.0
179,43.0,33.8,44.0,678.0,42.0,1.0
183,39.0,33.8,44.0,715.0,47.0,0.0
184,37.0,33.8,44.0,776.0,57.0,0.0
182,42.0,33.8,44.0,737.0,51.0,1.0
181,39.0,33.8,44.0,638.0,36.0,0.0
182,41.0,33.8,44.0,715.0,47.0,0.0
181,42.0,33.8,44.0,726.0,49.0,3.0
186,40.0,33.8,44.0,671.0,41.0,0.0
184,42.0,33.8,44.0,710.0,47.0,4.0
181,41.0,33.8,44.0,700.0,45.0,0.0
186,40.0,33.8,44.0,672.0,41.0,0.0
180,37.0,33.8,44.0,697.0,45.0,0.0
184,37.0,33.8,44.0,697.0,45.0,0.0
181,41.0,33.8,44.0,690.0,44.0,0.0
180,41.0,33.8,43.0,686.0,43.0,2.0
177,43.0,33.8,44.0,600.0,30.0,0.0
183,41.0,33.8,44.0,683.0,43.0,27.0
181,44.0,33.8,44.0,682.0,42.0,34.0
181,38.0,33.8,44.0,679.0,42.0,1.0
181,42.0,33.8,44.0,683.0,43.0,13.0
180,39.0,33.8,44.0,690.0,44.0,0.0
179,39.0,33.8,45.0,706.0,46.0,0.0
181,39.0,33.8,45.0,710.0,47.0,0.0
182,39.0,33.8,45.0,708.0,46.0,0.0
185,43.0,33.8,45.0,714.0,47.0,4.0
183,39.0,33.8,45.0,730.0,50.0,0.0
184,37.0,33.8,46.0,754.0,53.0,0.0
184,41.0,33.8,46.0,690.0,44.0,0.0
191,43.0,33.8,47.0,825.0,64.0,3.0
188,40.0,33.8,47.0,830.0,65.0,0.0
186,39.0,33.8,48.0,834.0,66.0,0.0
192,41.0,33.8,48.0,832.0,65.0,64.0
185,39.0,33.8,48.0,832.0,65.0,0.0
186,39.0,33.8,49.0,853.0,69.0,1.0
186,43.0,33.8,49.0,759.0,54.0,0.0
192,39.0,33.8,49.0,865.0,70.0,0.0
194,40.0,33.8,49.0,891.0,74.0,0.0
192,43.0,33.8,49.0,891.0,74.0,0.0
187,39.0,33.8,50.0,900.0,76.0,1.0
191,43.0,33.8,50.0,918.0,78.0,6.0
182,43.0,33.8,50.0,783.0,58.0,0.0
192,39.0,33.8,50.0,909.0,77.0,1.0
194,44.0,33.8,51.0,920.0,79.0,4.0
189,39.0,33.8,51.0,907.0,77.0,1.0
190,43.0,33.8,51.0,872.0,71.0,13.0
189,39.0,33.8,51.0,887.0,74.0,0.0
191,45.0,33.8,51.0,880.0,73.0,1.0
189,39.0,33.8,51.0,857.0,69.0,0.0
189,39.0,33.8,52.0,834.0,66.0,1.0
188,39.0,33.8,52.0,840.0,67.0,0.0
189,42.0,33.8,52.0,819.0,63.0,0.0
188,39.0,33.8,52.0,848.0,68.0,0.0
190,39.0,33.8,53.0,887.0,74.0,0.0
190,39.0,33.8,53.0,865.0,70.0,0.0
191,42.0,33.8,53.0,889.0,74.0,0.0
191,42.0,33.8,53.0,897.0,75.0,11.0
195,43.0,33.8,54.0,802.0,61.0,6.0
192,39.0,33.8,54.0,895.0,75.0,1.0
198,40.0,33.8,54.0,909.0,77.0,0.0
188,37.0,33.8,54.0,920.0,79.0,0.0
192,39.0,33.8,55.0,907.0,77.0,11.0
192,39.0,33.8,55.0,882.0,73.0,0.0
192,39.0,33.8,55.0,902.0,76.0,1.0
191,41.0,33.8,55.0,920.0,79.0,2.0
192,37.0,33.8,55.0,909.0,77.0,0.0
179,43.0,33.8,55.0,770.0,56.0,1.0
194,43.0,33.8,55.0,923.0,79.0,3.0
194,37.0,33.8,56.0,817.0,63.0,1.0
195,39.0,33.8,56.0,907.0,77.0,5.0
197,39.0,33.8,56.0,905.0,76.0,0.0
191,41.0,33.8,56.0,902.0,76.0,1.0
213,47.0,33.8,56.0,793.0,59.0,0.0
205,37.0,33.8,56.0,927.0,80.0,0.0
200,37.0,33.8,56.0,923.0,79.0,0.0
199,43.0,33.8,56.0,925.0,79.0,18.0
196,37.0,33.8,56.0,855.0,69.0,0.0
201,43.0,33.8,56.0,930.0,80.0,15.0
195,43.0,33.8,56.0,927.0,80.0,2.0
197,43.0,33.8,56.0,918.0,78.0,4.0
194,39.0,33.8,56.0,923.0,79.0,0.0
194,39.0,33.8,56.0,909.0,77.0,0.0
195,39.0,33.8,57.0,874.0,72.0,0.0
196,40.0,33.8,57.0,872.0,71.0,0.0
193,39.0,33.8,57.0,785.0,58.0,0.0
194,43.0,33.8,57.0,848.0,68.0,3.0
194,39.0,33.8,57.0,834.0,66.0,0.0
193,39.0,33.8,57.0,853.0,69.0,0.0
194,39.0,33.8,57.0,844.0,67.0,0.0
200,40.0,33.8,57.0,830.0,65.0,0.0
198,40.0,33.8,57.0,848.0,68.0,4.0
198,40.0,33.8,57.0,836.0,66.0,0.0
187,43.0,33.8,58.0,715.0,47.0,0.0
198,39.0,33.8,58.0,844.0,67.0,0.0
196,39.0,33.8,58.0,838.0,66.0,0.0
200,40.0,33.8,58.0,838.0,66.0,4.0
199,44.0,33.8,58.0,855.0,69.0,5.0
199,44.0,33.8,58.0,851.0,68.0,3.0
197,40.0,33.8,58.0,880.0,73.0,3.0
199,43.0,33.8,58.0,848.0,68.0,3.0
196,37.0,33.8,58.0,715.0,47.0,17.0
195,39.0,33.8,58.0,804.0,61.0,0.0
200,44.0,33.8,59.0,821.0,64.0,4.0
201,40.0,33.8,59.0,857.0,69.0,8.0
198,39.0,33.8,59.0,817.0,63.0,9.0
198,43.0,33.8,59.0,683.0,43.0,0.0
205,44.0,33.8,59.0,785.0,58.0,3.0
202,44.0,33.8,60.0,672.0,41.0,0.0
212,41.0,33.8,60.0,754.0,53.0,0.0
196,39.0,33.8,60.0,730.0,50.0,0.0
189,40.0,33.8,60.0,672.0,41.0,0.0
186,39.0,33.8,60.0,732.0,50.0,4.0
177,43.0,33.8,61.0,640.0,36.0,0.0
198,40.0,33.8,61.0,730.0,50.0,0.0
200,39.0,33.8,61.0,740.0,51.0,0.0
205,37.0,33.8,61.0,757.0,54.0,0.0
203,43.0,33.8,61.0,757.0,54.0,0.0
204,37.0,33.8,61.0,737.0,51.0,0.0
204,40.0,33.8,61.0,733.0,50.0,0.0
206,39.0,33.8,61.0,742.0,52.0,93.0
209,44.0,33.8,61.0,748.0,53.0,4.0
208,39.0,33.8,61.0,674.0,41.0,51.0
208,37.0,33.8,61.0,717.0,48.0,0.0
212,43.0,33.8,61.0,708.0,46.0,9.0
207,39.0,33.8,61.0,704.0,46.0,0.0
208,39.0,33.8,61.0,715.0,47.0,0.0
208,39.0,33.8,62.0,744.0,52.0,0.0
210,40.0,33.8,62.0,744.0,52.0,12.0
208,39.0,33.8,62.0,746.0,52.0,1.0
209,44.0,33.8,62.0,659.0,39.0,3.0
206,43.0,33.8,61.0,754.0,53.0,3.0
205,39.0,33.8,62.0,737.0,51.0,7.0
204,43.0,33.8,61.0,733.0,50.0,0.0
205,39.0,33.8,61.0,765.0,55.0,11.0
199,44.0,33.8,61.0,656.0,39.0,0.0
211,46.0,33.8,61.0,737.0,51.0,5.0
207,41.0,33.8,61.0,692.0,44.0,0.0
206,44.0,33.8,61.0,600.0,30.0,0.0
214,40.0,33.8,61.0,678.0,42.0,0.0
211,44.0,33.8,61.0,574.0,26.0,59.0
218,40.0,33.8,61.0,652.0,38.0,0.0
207,40.0,33.8,61.0,666.0,40.0,0.0
207,41.0,33.8,61.0,620.0,33.0,1.0
209,40.0,33.8,61.0,611.0,32.0,0.0
204,43.0,33.8,61.0,527.0,19.0,0.0
207,40.0,33.8,61.0,552.0,23.0,0.0
204,37.0,33.8,61.0,566.0,25.0,1.0
203,39.0,33.8,61.0,564.0,24.0,0.0
207,41.0,33.8,61.0,549.0,22.0,0.0
193,39.0,33.7,61.0,548.0,22.0,41.0
191,40.0,33.7,61.0,531.0,19.0,6.0
185,39.0,33.4,61.0,549.0,22.0,0.0
185,47.0,33.4,61.0,470.0,10.0,1.0
186,42.0,33.7,61.0,526.0,19.0,2.0
183,39.0,33.6,61.0,543.0,21.0,120.0
181,39.0,33.7,61.0,546.0,22.0,0.0
176,41.0,33.7,61.0,466.0,10.0,56.0
183,39.0,33.7,61.0,574.0,26.0,0.0
181,38.0,33.8,61.0,564.0,24.0,0.0
181,39.0,33.7,61.0,566.0,25.0,2.0
186,40.0,33.8,61.0,566.0,25.0,0.0
179,39.0,33.7,61.0,556.0,23.0,0.0
179,39.0,33.8,61.0,555.0,23.0,0.0
183,44.0,33.7,61.0,555.0,23.0,3.0
184,43.0,33.7,61.0,473.0,11.0,0.0
184,39.0,33.7,61.0,543.0,21.0,19.0
181,42.0,33.7,61.0,487.0,13.0,1.0
184,40.0,33.8,61.0,536.0,20.0,0.0
179,39.0,33.8,61.0,551.0,23.0,0.0
179,39.0,33.8,61.0,536.0,20.0,2.0
178,37.0,33.7,61.0,553.0,23.0,0.0
178,37.0,33.7,61.0,530.0,19.0,8.0
178,39.0,33.7,61.0,566.0,25.0,0.0
177,37.0,33.7,61.0,546.0,22.0,0.0
177,42.0,33.7,61.0,497.0,14.0,1.0
177,37.0,33.7,60.0,524.0,18.0,0.0
177,39.0,33.7,60.0,536.0,20.0,0.0
177,41.0,33.7,60.0,530.0,19.0,0.0
177,39.0,33.8,60.0,542.0,21.0,0.0
174,46.0,33.8,60.0,413.0,1.0,4.0
181,43.0,33.8,60.0,531.0,19.0,2.0
176,42.0,33.7,60.0,529.0,19.0,3.0
184,35.0,33.7,60.0,508.0,16.0,0.0
187,35.0,33.7,60.0,529.0,19.0,0.0
191,40.0,33.7,59.0,531.0,19.0,0.0
194,39.0,33.5,59.0,534.0,20.0,22.0
194,43.0,33.8,59.0,543.0,21.0,3.0
189,39.0,33.6,59.0,543.0,21.0,0.0
194,39.0,33.7,59.0,542.0,21.0,0.0
192,48.0,33.5,59.0,463.0,9.0,2.0
200,37.0,33.4,59.0,537.0,20.0,11.0
197,39.0,33.4,59.0,546.0,22.0,0.0
197,39.0,33.4,59.0,542.0,21.0,3.0
196,43.0,33.7,59.0,534.0,20.0,5.0
196,37.0,33.5,59.0,543.0,21.0,0.0
199,44.0,33.4,58.0,553.0,23.0,51.0
199,44.0,33.3,58.0,553.0,23.0,0.0
196,40.0,33.3,58.0,556.0,23.0,0.0
195,39.0,33.3,58.0,454.0,8.0,23.0
199,40.0,33.4,58.0,561.0,24.0,4.0
195,39.0,33.7,58.0,565.0,25.0,0.0
188,42.0,33.8,58.0,477.0,11.0,0.0
199,41.0,33.7,58.0,581.0,27.0,0.0
200,37.0,33.7,58.0,578.0,27.0,0.0
198,43.0,33.7,58.0,591.0,29.0,0.0
202,44.0,33.8,58.0,618.0,33.0,5.0
195,39.0,33.8,58.0,637.0,36.0,2.0
198,40.0,33.8,58.0,553.0,23.0,0.0
188,43.0,33.8,58.0,586.0,28.0,0.0
199,39.0,33.8,58.0,697.0,45.0,0.0
194,39.0,33.8,59.0,692.0,44.0,183.0
199,39.0,33.8,59.0,714.0,47.0,3.0
199,39.0,33.8,59.0,712.0,47.0,0.0
199,39.0,33.8,59.0,740.0,51.0,0.0
201,39.0,33.8,59.0,754.0,53.0,0.0
199,39.0,33.8,59.0,715.0,47.0,0.0
200,43.0,33.8,60.0,752.0,53.0,29.0
204,40.0,33.8,60.0,783.0,58.0,4.0
200,37.0,33.8,60.0,800.0,60.0,0.0
201,43.0,33.8,60.0,763.0,55.0,19.0
206,40.0,33.7,60.0,710.0,47.0,4.0
201,39.0,33.7,60.0,692.0,44.0,7.0
205,44.0,33.7,59.0,715.0,47.0,20.0
202,39.0,33.7,59.0,732.0,50.0,1.0
203,39.0,33.7,59.0,737.0,51.0,0.0
205,44.0,33.8,59.0,742.0,52.0,3.0
208,40.0,33.7,59.0,757.0,54.0,0.0
204,39.0,33.6,60.0,748.0,53.0,0.0
205,43.0,33.4,60.0,754.0,53.0,1.0
208,40.0,33.6,60.0,778.0,57.0,2.0
205,43.0,33.3,60.0,752.0,53.0,2.0
206,40.0,33.3,60.0,726.0,49.0,0.0
204,39.0,33.3,61.0,774.0,56.0,0.0
205,39.0,33.3,61.0,772.0,56.0,23.0
210,42.0,33.3,61.0,717.0,48.0,0.0
197,47.0,33.3,61.0,668.0,40.0,2.0
209,39.0,33.3,61.0,783.0,58.0,0.0
212,40.0,33.3,61.0,783.0,58.0,2.0
212,40.0,33.3,62.0,763.0,55.0,4.0
209,44.0,33.3,62.0,772.0,56.0,4.0
210,44.0,33.3,62.0,765.0,55.0,4.0
208,40.0,33.3,62.0,748.0,53.0,0.0
216,40.0,33.3,62.0,746.0,52.0,0.0
208,40.0,33.3,62.0,754.0,53.0,0.0
205,43.0,33.3,62.0,746.0,52.0,5.0
207,44.0,33.3,62.0,732.0,50.0,4.0
203,44.0,33.3,62.0,719.0,48.0,1.0
202,39.0,33.3,62.0,757.0,54.0,0.0
207,42.0,33.3,63.0,780.0,57.0,4.0
212,40.0,33.3,63.0,770.0,56.0,8.0
209,39.0,33.3,63.0,776.0,57.0,0.0
215,46.0,33.3,63.0,776.0,57.0,4.0
212,37.0,33.3,63.0,783.0,58.0,0.0
211,44.0,33.3,63.0,772.0,56.0,8.0
215,46.0,33.3,63.0,763.0,55.0,4.0
209,39.0,33.3,63.0,778.0,57.0,0.0
211,40.0,33.3,63.0,776.0,57.0,0.0
208,37.0,33.3,63.0,763.0,55.0,10.0
219,40.0,33.3,63.0,763.0,55.0,4.0
222,40.0,33.3,63.0,763.0,55.0,4.0
215,40.0,33.3,63.0,715.0,47.0,4.0
203,41.0,33.3,63.0,712.0,47.0,0.0
198,39.0,33.3,63.0,710.0,47.0,0.0
194,39.0,33.3,63.0,700.0,45.0,0.0
196,43.0,33.3,63.0,710.0,47.0,1.0
201,44.0,33.3,64.0,732.0,50.0,10.0
200,37.0,33.3,64.0,742.0,52.0,0.0
187,43.0,33.3,64.0,710.0,47.0,2.0
208,40.0,33.3,64.0,817.0,63.0,0.0
212,43.0,33.3,64.0,798.0,60.0,79.0
208,39.0,33.3,64.0,772.0,56.0,0.0
206,40.0,33.3,64.0,791.0,59.0,0.0
204,37.0,33.3,65.0,772.0,56.0,17.0
208,40.0,33.3,65.0,733.0,50.0,8.0
200,43.0,33.2,65.0,643.0,37.0,33.0
211,43.0,33.2,65.0,708.0,46.0,2.0
208,39.0,32.8,66.0,694.0,44.0,1.0
207,42.0,33.3,65.0,702.0,46.0,6.0
203,43.0,33.2,65.0,700.0,45.0,0.0
208,45.0,32.8,66.0,560.0,24.0,3.0
223,48.0,32.3,67.0,675.0,41.0,4.0
201,39.0,32.4,67.0,759.0,54.0,0.0
218,48.0,32.8,67.0,656.0,39.0,127.0
217,45.0,32.8,67.0,672.0,41.0,128.0
214,46.0,32.8,67.0,686.0,43.0,1.0
210,40.0,32.8,67.0,772.0,56.0,28.0
199,43.0,32.8,67.0,717.0,48.0,4.0
206,44.0,32.8,67.0,690.0,44.0,0.0
199,39.0,32.8,67.0,783.0,58.0,0.0
195,39.0,32.8,67.0,757.0,54.0,0.0
193,42.0,32.8,67.0,752.0,53.0,5.0
194,42.0,32.8,67.0,749.0,53.0,5.0
191,42.0,32.8,67.0,749.0,53.0,4.0
191,38.0,32.8,68.0,740.0,51.0,27.0
190,41.0,32.8,67.0,746.0,52.0,2.0
193,42.0,32.8,67.0,827.0,65.0,2.0
192,36.0,32.8,67.0,806.0,61.0,0.0
196,40.0,32.8,68.0,733.0,50.0,4.0
195,43.0,32.8,68.0,785.0,58.0,45.0
191,42.0,32.8,68.0,763.0,55.0,2.0
189,39.0,32.8,68.0,763.0,55.0,0.0
191,40.0,32.8,68.0,759.0,54.0,4.0
190,40.0,32.8,68.0,757.0,54.0,0.0
188,40.0,32.8,68.0,740.0,51.0,0.0
187,41.0,32.8,68.0,740.0,51.0,0.0
187,38.0,32.8,68.0,763.0,55.0,3.0
187,38.0,32.8,68.0,749.0,53.0,12.0
187,38.0,32.8,68.0,704.0,46.0,0.0
191,40.0,32.8,68.0,765.0,55.0,0.0
184,35.0,32.8,68.0,763.0,55.0,55.0
189,42.0,32.8,68.0,752.0,53.0,3.0
188,41.0,32.8,68.0,761.0,54.0,1.0
189,38.0,32.8,68.0,772.0,56.0,0.0
187,38.0,32.8,68.0,770.0,56.0,0.0
188,37.0,32.8,68.0,735.0,51.0,0.0
187,38.0,32.8,68.0,754.0,53.0,0.0
191,40.0,32.8,68.0,752.0,53.0,4.0
187,35.0,32.8,68.0,735.0,51.0,0.0
188,36.0,32.8,68.0,730.0,50.0,0.0
187,38.0,32.8,68.0,730.0,50.0,0.0
188,37.0,32.8,68.0,730.0,50.0,0.0
191,43.0,32.8,68.0,726.0,49.0,2.0
191,42.0,32.8,68.0,697.0,45.0,4.0
187,38.0,32.8,69.0,679.0,42.0,1.0
190,40.0,32.8,69.0,633.0,35.0,0.0
190,42.0,32.8,69.0,686.0,43.0,4.0
183,42.0,32.8,69.0,574.0,26.0,7.0
189,35.0,32.8,69.0,679.0,42.0,0.0
188,38.0,32.8,69.0,679.0,42.0,0.0
187,40.0,32.8,68.0,678.0,42.0,0.0
185,38.0,32.8,68.0,645.0,37.0,0.0
190,40.0,32.8,68.0,675.0,41.0,4.0
187,37.0,32.7,68.0,674.0,41.0,0.0
188,40.0,32.7,68.0,672.0,41.0,0.0
190,42.0,32.7,68.0,679.0,42.0,3.0
187,38.0,32.7,68.0,699.0,45.0,0.0
191,48.0,32.8,68.0,602.0,30.0,4.0
186,41.0,32.7,68.0,594.0,29.0,0.0
195,40.0,32.8,68.0,694.0,44.0,4.0
188,37.0,32.8,68.0,694.0,44.0,0.0
188,36.0,32.8,68.0,597.0,30.0,0.0
182,46.0,32.8,68.0,581.0,27.0,26.0
195,43.0,32.4,68.0,605.0,31.0,0.0
195,42.0,32.4,68.0,682.0,42.0,1.0
188,40.0,32.4,68.0,584.0,28.0,0.0
192,40.0,32.4,68.0,660.0,39.0,0.0
183,42.0,32.4,68.0,580.0,27.0,0.0
192,35.0,32.4,68.0,679.0,42.0,0.0
185,47.0,32.4,68.0,564.0,24.0,2.0
193,43.0,32.4,68.0,660.0,39.0,0.0
187,38.0,32.4,68.0,675.0,41.0,3.0
188,38.0,32.4,68.0,672.0,41.0,0.0
187,38.0,32.4,68.0,674.0,41.0,0.0
188,37.0,32.4,68.0,666.0,40.0,0.0
186,38.0,32.4,68.0,666.0,40.0,0.0
187,41.0,32.3,68.0,665.0,40.0,2.0
186,38.0,32.3,68.0,617.0,33.0,0.0
187,42.0,32.3,68.0,597.0,30.0,0.0
198,44.0,32.3,68.0,657.0,39.0,22.0
188,38.0,32.3,68.0,660.0,39.0,0.0
185,35.0,32.3,68.0,659.0,39.0,17.0
186,37.0,32.3,68.0,659.0,39.0,0.0
185,35.0,32.3,68.0,652.0,38.0,11.0
185,35.0,32.3,67.0,660.0,39.0,17.0
185,38.0,32.3,67.0,650.0,38.0,0.0
185,39.0,32.3,67.0,633.0,35.0,1.0
185,38.0,32.3,67.0,637.0,36.0,0.0
185,38.0,32.3,67.0,629.0,34.0,2.0
184,35.0,32.3,67.0,634.0,35.0,16.0
184,35.0,32.3,67.0,574.0,26.0,0.0
190,40.0,32.3,67.0,712.0,47.0,0.0
187,38.0,32.3,67.0,690.0,44.0,7.0
186,41.0,32.3,67.0,668.0,40.0,0.0
186,38.0,32.3,67.0,672.0,41.0,0.0
189,42.0,32.3,67.0,653.0,38.0,3.0
189,40.0,32.3,67.0,640.0,36.0,0.0
195,44.0,32.3,67.0,634.0,35.0,4.0
186,38.0,32.3,67.0,623.0,33.0,0.0
185,38.0,32.3,67.0,607.0,31.0,0.0
189,42.0,32.3,67.0,603.0,30.0,0.0
185,38.0,32.3,67.0,566.0,25.0,0.0
182,40.0,32.3,67.0,492.0,14.0,0.0
186,38.0,32.3,67.0,551.0,23.0,0.0
190,43.0,32.3,67.0,561.0,24.0,0.0
183,37.0,32.3,67.0,577.0,26.0,0.0
182,44.0,32.3,67.0,496.0,14.0,8.0
185,35.0,32.3,67.0,570.0,25.0,0.0
188,40.0,32.3,67.0,574.0,26.0,0.0
192,39.0,32.3,67.0,518.0,17.0,0.0
193,42.0,32.3,67.0,586.0,28.0,3.0
187,35.0,32.3,67.0,586.0,28.0,0.0
186,38.0,32.3,67.0,577.0,26.0,0.0
188,37.0,32.3,67.0,584.0,28.0,0.0
188,42.0,32.3,67.0,589.0,28.0,4.0
185,41.0,32.3,67.0,594.0,29.0,3.0
185,40.0,32.3,67.0,594.0,29.0,0.0
181,42.0,32.3,67.0,520.0,18.0,0.0
188,35.0,32.3,67.0,603.0,30.0,0.0
186,44.0,32.3,67.0,533.0,20.0,0.0
192,42.0,32.3,67.0,627.0,34.0,3.0
188,40.0,32.3,67.0,627.0,34.0,0.0
186,39.0,32.3,67.0,633.0,35.0,0.0
189,42.0,32.3,67.0,603.0,30.0,2.0
186,35.0,32.3,67.0,640.0,36.0,0.0
185,35.0,32.3,67.0,637.0,36.0,2.0
187,38.0,32.3,67.0,646.0,37.0,1.0
187,38.0,32.3,67.0,589.0,28.0,1.0
188,35.0,32.3,67.0,659.0,39.0,8.0
187,38.0,32.3,67.0,683.0,43.0,0.0
187,38.0,32.3,67.0,674.0,41.0,3.0
188,37.0,32.3,67.0,682.0,42.0,0.0
188,38.0,32.3,67.0,672.0,41.0,0.0
188,35.0,32.3,67.0,678.0,42.0,0.0
189,41.0,32.3,67.0,678.0,42.0,6.0
187,35.0,32.3,67.0,675.0,41.0,7.0
187,38.0,32.3,67.0,675.0,41.0,1.0
188,38.0,32.3,67.0,674.0,41.0,11.0
188,36.0,32.3,67.0,668.0,40.0,0.0
184,41.0,32.3,67.0,577.0,26.0,0.0
192,37.0,32.3,67.0,668.0,40.0,0.0
192,40.0,31.9,67.0,617.0,33.0,0.0
188,35.0,32.2,67.0,650.0,38.0,0.0
188,36.0,32.3,67.0,660.0,39.0,0.0
194,47.0,32.3,67.0,491.0,13.0,2.0
187,37.0,32.3,67.0,495.0,14.0,0.0
188,35.0,32.3,67.0,652.0,38.0,1.0
184,40.0,32.3,67.0,556.0,23.0,0.0
193,42.0,32.3,67.0,580.0,27.0,4.0
193,40.0,31.9,67.0,646.0,37.0,0.0
190,38.0,31.8,67.0,646.0,37.0,0.0
190,36.0,31.8,67.0,652.0,38.0,0.0
189,37.0,31.8,67.0,659.0,39.0,0.0
189,36.0,31.8,67.0,668.0,40.0,0.0
192,40.0,31.9,67.0,674.0,41.0,4.0
190,39.0,31.8,67.0,656.0,39.0,5.0
193,42.0,31.8,67.0,671.0,41.0,4.0
192,44.0,31.8,67.0,589.0,28.0,4.0
196,37.0,31.8,67.0,690.0,44.0,0.0
190,42.0,31.8,67.0,603.0,30.0,0.0
204,42.0,31.8,68.0,688.0,43.0,32.0
194,40.0,31.8,68.0,683.0,43.0,19.0
193,38.0,31.8,68.0,683.0,43.0,3.0
193,35.0,31.8,68.0,683.0,43.0,0.0
191,37.0,31.8,68.0,682.0,42.0,0.0
191,38.0,31.8,68.0,659.0,39.0,0.0
192,35.0,31.8,68.0,626.0,34.0,0.0
191,43.0,31.8,69.0,577.0,26.0,0.0
196,38.0,31.8,69.0,675.0,41.0,0.0
194,38.0,31.8,69.0,675.0,41.0,0.0
199,43.0,31.8,69.0,597.0,30.0,0.0
199,38.0,31.8,69.0,675.0,41.0,0.0
196,35.0,31.8,69.0,671.0,41.0,2.0
198,44.0,31.8,69.0,666.0,40.0,8.0
191,42.0,31.8,69.0,574.0,26.0,0.0
196,35.0,31.8,69.0,665.0,40.0,7.0
199,40.0,31.8,69.0,634.0,35.0,2.0
199,43.0,31.8,69.0,602.0,30.0,0.0
200,37.0,31.8,69.0,692.0,44.0,0.0
196,39.0,31.8,69.0,692.0,44.0,0.0
195,38.0,31.8,69.0,690.0,44.0,0.0
197,42.0,31.8,69.0,518.0,17.0,4.0
196,41.0,31.8,69.0,674.0,41.0,4.0
197,43.0,31.8,69.0,686.0,43.0,0.0
195,42.0,31.8,69.0,694.0,44.0,2.0
195,41.0,31.8,69.0,526.0,19.0,3.0
195,38.0,31.8,69.0,692.0,44.0,0.0
195,38.0,31.8,69.0,704.0,46.0,0.0
196,37.0,31.8,69.0,714.0,47.0,0.0
195,38.0,31.8,69.0,694.0,44.0,0.0
195,38.0,31.8,69.0,714.0,47.0,0.0
200,40.0,31.8,69.0,690.0,44.0,4.0
198,40.0,31.8,69.0,688.0,43.0,0.0
195,41.0,31.8,69.0,679.0,42.0,2.0
194,39.0,31.8,69.0,706.0,46.0,0.0
196,37.0,31.8,69.0,706.0,46.0,0.0
195,39.0,31.8,69.0,692.0,44.0,0.0
194,37.0,31.8,69.0,674.0,41.0,0.0
196,44.0,31.8,69.0,620.0,33.0,4.0
197,41.0,31.8,69.0,700.0,45.0,11.0
194,35.0,31.8,69.0,686.0,43.0,0.0
196,40.0,31.8,69.0,697.0,45.0,0.0
195,46.0,31.8,69.0,594.0,29.0,3.0
195,38.0,31.8,69.0,657.0,39.0,0.0
197,42.0,31.8,69.0,682.0,42.0,3.0
194,39.0,31.8,69.0,678.0,42.0,0.0
194,38.0,31.8,69.0,715.0,47.0,0.0
194,41.0,31.8,69.0,660.0,39.0,0.0
196,42.0,31.8,69.0,710.0,47.0,3.0
191,38.0,31.8,68.0,672.0,41.0,0.0
191,38.0,31.6,68.0,671.0,41.0,0.0
194,41.0,31.8,68.0,591.0,29.0,0.0
200,40.0,31.8,68.0,650.0,38.0,2.0
196,39.0,31.8,68.0,626.0,34.0,0.0
198,40.0,31.8,68.0,542.0,21.0,0.0
199,42.0,31.8,68.0,615.0,32.0,2.0
196,42.0,31.8,68.0,589.0,28.0,11.0
192,39.0,31.8,68.0,607.0,31.0,0.0
189,42.0,31.8,68.0,517.0,17.0,0.0
198,40.0,31.8,68.0,592.0,29.0,0.0
192,38.0,31.8,68.0,515.0,17.0,0.0
190,39.0,31.8,68.0,591.0,29.0,0.0
192,44.0,31.8,68.0,503.0,15.0,8.0
200,44.0,31.8,68.0,570.0,25.0,32.0
190,37.0,31.8,68.0,570.0,25.0,0.0
193,46.0,31.8,68.0,524.0,18.0,2.0
195,38.0,31.8,68.0,626.0,34.0,0.0
194,40.0,31.8,68.0,631.0,35.0,0.0
197,46.0,31.8,68.0,572.0,26.0,6.0
199,42.0,31.8,68.0,627.0,34.0,2.0
196,40.0,31.8,68.0,607.0,31.0,6.0
196,46.0,31.8,68.0,537.0,20.0,3.0
199,40.0,31.8,68.0,594.0,29.0,4.0
192,40.0,31.4,68.0,584.0,28.0,0.0
196,42.0,31.3,68.0,497.0,14.0,4.0
197,46.0,31.3,68.0,526.0,19.0,1.0
189,42.0,31.3,68.0,487.0,13.0,0.0
196,40.0,31.3,68.0,549.0,22.0,0.0
190,39.0,31.3,68.0,531.0,19.0,3.0
189,39.0,31.3,68.0,542.0,21.0,0.0
188,38.0,31.4,68.0,546.0,22.0,1.0
191,43.0,31.4,68.0,470.0,10.0,0.0
193,41.0,31.4,68.0,470.0,10.0,1.0
194,38.0,31.3,68.0,540.0,21.0,0.0
190,43.0,31.3,68.0,462.0,9.0,0.0
192,37.0,31.3,68.0,527.0,19.0,0.0
188,41.0,31.3,69.0,473.0,11.0,0.0
192,37.0,31.3,69.0,540.0,21.0,0.0
191,42.0,31.3,69.0,533.0,20.0,3.0
192,42.0,31.3,69.0,475.0,11.0,2.0
191,38.0,31.3,69.0,536.0,20.0,0.0
189,35.0,31.3,69.0,529.0,19.0,0.0
187,35.0,31.3,69.0,476.0,11.0,0.0
187,41.0,31.3,69.0,470.0,10.0,2.0
191,38.0,31.3,68.0,560.0,24.0,0.0
189,42.0,31.3,68.0,500.0,15.0,0.0
196,40.0,31.3,68.0,545.0,22.0,2.0
191,46.0,31.3,68.0,491.0,13.0,3.0
191,39.0,31.3,68.0,561.0,24.0,3.0
195,43.0,31.3,68.0,496.0,14.0,0.0
194,41.0,31.3,68.0,569.0,25.0,3.0
192,37.0,31.3,68.0,552.0,23.0,0.0
194,43.0,31.3,68.0,497.0,14.0,0.0
196,43.0,31.3,68.0,492.0,14.0,0.0
198,40.0,31.3,68.0,549.0,22.0,6.0
192,39.0,31.3,68.0,536.0,20.0,0.0
191,42.0,31.3,68.0,461.0,9.0,0.0
197,46.0,31.3,67.0,530.0,19.0,63.0
189,42.0,31.3,67.0,466.0,10.0,11.0
195,40.0,31.3,67.0,542.0,21.0,2.0
193,40.0,31.3,67.0,500.0,15.0,4.0
190,42.0,31.3,67.0,529.0,19.0,3.0
186,38.0,31.3,67.0,545.0,22.0,0.0
183,38.0,31.3,67.0,545.0,22.0,0.0
189,44.0,31.3,67.0,488.0,13.0,2.0
189,37.0,31.3,67.0,551.0,23.0,0.0
190,46.0,31.3,67.0,473.0,11.0,3.0
189,35.0,31.3,67.0,514.0,17.0,0.0
188,43.0,31.3,67.0,519.0,18.0,0.0
190,39.0,31.3,67.0,612.0,32.0,0.0
191,45.0,31.3,67.0,517.0,17.0,0.0
192,38.0,31.3,67.0,500.0,15.0,5.0
186,42.0,31.3,67.0,551.0,23.0,2.0
190,40.0,31.3,67.0,545.0,22.0,2.0
192,41.0,31.3,67.0,480.0,12.0,0.0
190,38.0,31.3,67.0,567.0,25.0,0.0
190,40.0,31.3,67.0,548.0,22.0,4.0
185,41.0,31.3,67.0,552.0,23.0,0.0
183,38.0,31.3,67.0,578.0,27.0,1.0
187,40.0,31.3,67.0,615.0,32.0,4.0
183,38.0,31.3,67.0,599.0,30.0,0.0
191,46.0,31.3,67.0,508.0,16.0,2.0
192,38.0,31.3,67.0,584.0,28.0,0.0
187,43.0,31.3,67.0,533.0,20.0,0.0
192,35.0,31.3,67.0,594.0,29.0,0.0
191,42.0,31.3,67.0,543.0,21.0,3.0
187,38.0,31.3,67.0,652.0,38.0,1.0
189,42.0,31.3,67.0,615.0,32.0,0.0
191,39.0,31.3,67.0,735.0,51.0,0.0
189,41.0,31.3,67.0,763.0,55.0,2.0
190,42.0,31.3,66.0,674.0,41.0,0.0
198,40.0,31.3,66.0,778.0,57.0,2.0
191,38.0,31.3,66.0,690.0,44.0,0.0
192,37.0,31.3,66.0,795.0,60.0,0.0
193,40.0,31.3,66.0,783.0,58.0,20.0
192,43.0,31.3,66.0,697.0,45.0,5.0
196,42.0,31.3,66.0,714.0,47.0,3.0
197,46.0,31.3,66.0,700.0,45.0,7.0
195,41.0,31.3,66.0,813.0,62.0,0.0
203,44.0,31.3,66.0,717.0,48.0,0.0
191,43.0,31.3,66.0,757.0,54.0,0.0
203,43.0,31.3,66.0,865.0,70.0,0.0
204,40.0,31.3,66.0,949.0,83.0,0.0
200,40.0,31.3,66.0,891.0,74.0,4.0
201,41.0,31.3,66.0,733.0,50.0,0.0
199,39.0,31.3,66.0,787.0,58.0,1.0
195,41.0,31.3,66.0,810.0,62.0,0.0
195,35.0,31.3,66.0,1019.0,94.0,0.0
198,41.0,31.3,66.0,1316.0,139.0,9.0
208,42.0,31.3,66.0,1228.0,126.0,0.0
207,43.0,31.3,66.0,1277.0,133.0,2.0
208,40.0,31.3,66.0,1270.0,132.0,8.0
206,40.0,31.3,66.0,1470.0,163.0,4.0
207,43.0,31.3,66.0,1518.0,184.0,4.0
205,39.0,31.3,67.0,1501.0,172.0,0.0
211,43.0,31.3,67.0,1441.0,158.0,0.0
212,40.0,31.3,67.0,1496.0,169.0,0.0
211,43.0,31.3,67.0,1238.0,127.0,0.0
208,40.0,31.3,67.0,1295.0,136.0,0.0
213,43.0,31.3,67.0,1056.0,99.0,0.0
207,42.0,31.3,67.0,1095.0,105.0,10.0
204,40.0,31.3,67.0,1004.0,92.0,0.0
200,37.0,31.3,67.0,1001.0,91.0,0.0
202,46.0,31.2,67.0,815.0,63.0,1.0
208,48.0,30.8,67.0,802.0,61.0,16.0
195,39.0,30.8,66.0,719.0,48.0,0.0
196,40.0,30.8,65.0,523.0,18.0,0.0
192,42.0,30.8,64.0,592.0,29.0,4.0
187,38.0,30.8,63.0,567.0,25.0,3.0
190,45.0,30.8,63.0,464.0,9.0,3.0
188,38.0,30.8,62.0,526.0,19.0,0.0
188,40.0,30.8,62.0,530.0,19.0,0.0
191,44.0,30.8,62.0,459.0,8.0,17.0
193,42.0,30.8,62.0,508.0,16.0,4.0
190,40.0,30.9,61.0,481.0,12.0,4.0
183,46.0,31.2,61.0,473.0,11.0,2.0
188,38.0,31.3,61.0,556.0,23.0,7.0
186,38.0,31.3,61.0,565.0,25.0,0.0
185,38.0,31.3,61.0,524.0,18.0,0.0
189,46.0,31.2,61.0,482.0,12.0,2.0
187,39.0,30.8,60.0,526.0,19.0,2.0
184,39.0,30.8,60.0,539.0,21.0,0.0
186,44.0,30.8,60.0,473.0,11.0,4.0
188,40.0,30.8,60.0,565.0,25.0,0.0
183,38.0,30.8,60.0,584.0,28.0,7.0
187,43.0,30.8,60.0,591.0,29.0,0.0
194,43.0,30.8,60.0,863.0,70.0,63.0
191,38.0,30.8,59.0,1252.0,129.0,0.0
194,41.0,30.8,59.0,1352.0,145.0,3.0
203,43.0,30.8,59.0,1204.0,122.0,0.0
201,43.0,30.8,59.0,915.0,78.0,5.0
202,43.0,30.8,59.0,1004.0,92.0,0.0
198,42.0,30.8,59.0,1122.0,109.0,6.0
197,39.0,30.8,59.0,1509.0,178.0,0.0
193,42.0,30.8,59.0,1420.0,155.0,0.0
202,39.0,30.8,59.0,1400.0,152.0,1.0
199,39.0,30.8,59.0,1441.0,158.0,0.0
201,41.0,30.8,59.0,1338.0,142.0,24.0
195,39.0,30.8,59.0,1245.0,128.0,19.0
201,43.0,30.8,59.0,997.0,90.0,0.0
197,39.0,30.8,59.0,1044.0,98.0,0.0
193,38.0,30.8,59.0,983.0,88.0,2.0
203,46.0,30.8,59.0,882.0,73.0,0.0
198,43.0,30.8,59.0,902.0,76.0,3.0
191,38.0,30.8,58.0,853.0,69.0,0.0
196,41.0,30.8,58.0,692.0,44.0,0.0
191,38.0,30.8,58.0,783.0,58.0,1.0
187,38.0,30.8,58.0,783.0,58.0,0.0
196,40.0,30.8,58.0,802.0,61.0,52.0
188,38.0,30.8,58.0,870.0,71.0,2.0
187,38.0,30.8,58.0,940.0,82.0,3.0
195,43.0,30.8,58.0,868.0,71.0,0.0
193,36.0,30.8,58.0,787.0,58.0,0.0
192,40.0,30.8,58.0,889.0,74.0,8.0
189,38.0,30.8,58.0,885.0,73.0,1.0
188,37.0,30.8,57.0,885.0,73.0,5.0
188,38.0,30.8,57.0,836.0,66.0,0.0
187,37.0,30.8,57.0,817.0,63.0,0.0
186,41.0,30.8,57.0,780.0,57.0,3.0
191,44.0,30.8,57.0,757.0,54.0,2.0
194,40.0,30.8,57.0,620.0,33.0,8.0
188,38.0,30.8,57.0,649.0,37.0,0.0
187,42.0,30.8,57.0,624.0,34.0,36.0
183,38.0,30.8,57.0,607.0,31.0,0.0
188,43.0,30.8,57.0,533.0,20.0,0.0
187,38.0,30.8,56.0,591.0,29.0,19.0
184,38.0,30.8,56.0,605.0,31.0,0.0
183,38.0,30.8,56.0,612.0,32.0,1.0
190,40.0,30.8,56.0,574.0,26.0,24.0
188,38.0,30.8,56.0,659.0,39.0,0.0
184,35.0,30.8,56.0,682.0,42.0,0.0
184,37.0,30.8,56.0,702.0,46.0,0.0
185,38.0,30.8,56.0,708.0,46.0,0.0
185,38.0,30.8,56.0,679.0,42.0,0.0
185,38.0,30.8,56.0,690.0,44.0,0.0
184,35.0,30.8,56.0,653.0,38.0,1.0
183,38.0,30.8,56.0,623.0,33.0,0.0
183,38.0,30.8,56.0,567.0,25.0,0.0
188,43.0,30.8,56.0,543.0,21.0,0.0
188,42.0,30.8,56.0,618.0,33.0,2.0
183,38.0,30.8,56.0,614.0,32.0,0.0
186,40.0,30.8,56.0,599.0,30.0,0.0
186,42.0,30.8,56.0,530.0,19.0,3.0
182,38.0,30.8,56.0,586.0,28.0,2.0
184,35.0,30.8,56.0,577.0,26.0,1.0
185,41.0,30.8,57.0,565.0,25.0,3.0
184,40.0,30.8,57.0,487.0,13.0,0.0
186,40.0,30.8,57.0,546.0,22.0,0.0
181,38.0,30.8,57.0,534.0,20.0,10.0
181,38.0,30.8,57.0,533.0,20.0,0.0
181,38.0,30.8,57.0,533.0,20.0,0.0
183,42.0,30.8,57.0,503.0,15.0,2.0
187,42.0,30.7,57.0,481.0,12.0,0.0
187,38.0,30.8,57.0,530.0,19.0,0.0
183,38.0,30.8,57.0,523.0,18.0,0.0
187,42.0,30.8,57.0,475.0,11.0,3.0
188,40.0,30.8,57.0,534.0,20.0,0.0
184,35.0,30.8,57.0,526.0,19.0,0.0
186,40.0,30.8,58.0,530.0,19.0,0.0
187,43.0,30.8,58.0,524.0,18.0,71.0
186,40.0,30.8,58.0,530.0,19.0,4.0
186,40.0,30.8,58.0,530.0,19.0,0.0
181,35.0,30.8,58.0,542.0,21.0,0.0
181,39.0,30.8,58.0,527.0,19.0,1.0
182,37.0,30.8,58.0,536.0,20.0,0.0
184,36.0,30.8,58.0,536.0,20.0,0.0
184,40.0,30.8,58.0,551.0,23.0,0.0
188,46.0,30.8,58.0,491.0,13.0,2.0
187,38.0,30.8,58.0,555.0,23.0,0.0
193,46.0,30.8,58.0,496.0,14.0,2.0
214,44.0,31.3,59.0,832.0,65.0,12.0
217,43.0,31.8,59.0,732.0,50.0,0.0
228,44.0,31.8,59.0,961.0,85.0,0.0
220,50.0,31.8,59.0,940.0,82.0,32.0
209,47.0,31.8,59.0,806.0,61.0,2.0
210,44.0,31.8,59.0,650.0,38.0,4.0
206,40.0,31.8,59.0,692.0,44.0,4.0
200,40.0,31.8,59.0,656.0,39.0,2.0
194,43.0,31.8,59.0,487.0,13.0,1.0
191,42.0,31.8,59.0,631.0,35.0,0.0
191,39.0,31.8,59.0,633.0,35.0,0.0
185,43.0,31.8,59.0,534.0,20.0,0.0
196,44.0,31.8,59.0,553.0,23.0,0.0
193,39.0,31.8,59.0,589.0,28.0,0.0
198,44.0,31.8,59.0,565.0,25.0,0.0
191,42.0,31.5,59.0,607.0,31.0,2.0
192,37.0,31.3,60.0,626.0,34.0,0.0
196,41.0,31.3,60.0,540.0,21.0,0.0
204,43.0,31.8,60.0,539.0,21.0,0.0
198,39.0,31.8,60.0,602.0,30.0,0.0
202,42.0,31.8,60.0,496.0,14.0,0.0
196,37.0,31.8,60.0,524.0,18.0,0.0
205,47.0,31.8,59.0,472.0,10.0,5.0
207,43.0,31.8,59.0,472.0,10.0,0.0
201,43.0,31.8,59.0,530.0,19.0,5.0
192,37.0,31.8,59.0,470.0,10.0,16.0
196,43.0,31.8,59.0,480.0,12.0,0.0
196,37.0,31.8,59.0,548.0,22.0,0.0
202,42.0,31.8,59.0,492.0,14.0,0.0
195,39.0,31.8,59.0,566.0,25.0,0.0
197,43.0,31.8,59.0,514.0,17.0,0.0
193,39.0,31.8,59.0,543.0,21.0,0.0
190,42.0,31.8,59.0,514.0,17.0,16.0
193,43.0,31.8,59.0,461.0,9.0,0.0
193,39.0,31.8,59.0,461.0,9.0,2.0
195,43.0,31.8,59.0,454.0,8.0,0.0
194,39.0,31.8,59.0,519.0,18.0,0.0
195,47.0,31.8,59.0,461.0,9.0,6.0
193,39.0,31.8,59.0,520.0,18.0,0.0
189,42.0,31.8,59.0,520.0,18.0,5.0
197,46.0,31.8,59.0,454.0,8.0,3.0
200,43.0,31.8,58.0,432.0,4.0,0.0
192,39.0,31.8,58.0,441.0,6.0,0.0
192,41.0,31.8,58.0,434.0,5.0,1.0
192,40.0,31.8,57.0,400.0,0.0,0.0
189,43.0,31.8,57.0,478.0,11.0,0.0
191,43.0,31.8,57.0,580.0,27.0,10.0
188,40.0,32.3,58.0,591.0,29.0,0.0
186,40.0,32.3,58.0,502.0,15.0,4.0
187,43.0,32.3,58.0,498.0,14.0,0.0
188,44.0,32.3,58.0,517.0,17.0,1.0
188,37.0,32.3,58.0,602.0,30.0,0.0
192,41.0,32.3,58.0,540.0,21.0,0.0
182,39.0,32.3,57.0,592.0,29.0,0.0
180,37.0,32.3,57.0,575.0,26.0,0.0
175,38.0,32.3,57.0,548.0,22.0,27.0
181,46.0,32.3,57.0,493.0,14.0,2.0
183,38.0,32.3,57.0,536.0,20.0,0.0
184,40.0,32.3,57.0,553.0,23.0,0.0
178,35.0,32.3,57.0,569.0,25.0,0.0
178,37.0,32.3,57.0,569.0,25.0,0.0
179,38.0,32.3,57.0,569.0,25.0,0.0
185,46.0,32.3,57.0,482.0,12.0,3.0
183,38.0,32.3,57.0,531.0,19.0,0.0
180,37.0,32.3,57.0,526.0,19.0,0.0
187,46.0,32.3,57.0,502.0,15.0,2.0
185,42.0,32.3,56.0,657.0,39.0,2.0
181,41.0,32.3,57.0,629.0,34.0,0.0
182,42.0,32.3,56.0,536.0,20.0,2.0
181,40.0,32.3,56.0,597.0,30.0,4.0
176,37.0,32.4,56.0,560.0,24.0,0.0
175,38.0,32.3,56.0,534.0,20.0,0.0
175,38.0,32.4,55.0,589.0,28.0,0.0
172,40.0,32.4,55.0,560.0,24.0,4.0
179,41.0,32.7,56.0,518.0,17.0,3.0
191,42.0,32.8,55.0,518.0,17.0,9.0
195,38.0,32.8,55.0,536.0,20.0,0.0
199,38.0,32.8,55.0,536.0,20.0,3.0
203,43.0,32.8,55.0,462.0,9.0,0.0
216,44.0,32.8,55.0,515.0,17.0,56.0
201,42.0,32.8,55.0,518.0,17.0,26.0
197,43.0,32.8,54.0,438.0,5.0,0.0
204,37.0,32.8,54.0,497.0,14.0,0.0
200,40.0,32.8,53.0,536.0,20.0,0.0
200,37.0,32.8,53.0,569.0,25.0,0.0
199,39.0,32.8,54.0,580.0,27.0,0.0
192,43.0,32.8,53.0,526.0,19.0,0.0
207,50.0,32.8,54.0,530.0,19.0,6.0
207,39.0,32.8,53.0,615.0,32.0,0.0
209,39.0,32.8,54.0,623.0,33.0,14.0
212,44.0,32.8,54.0,591.0,29.0,6.0
214,39.0,32.8,54.0,706.0,46.0,13.0
216,44.0,32.8,54.0,763.0,55.0,4.0
223,48.0,32.8,54.0,806.0,61.0,3.0
217,37.0,32.8,55.0,834.0,66.0,0.0
214,39.0,32.8,55.0,857.0,69.0,0.0
221,43.0,32.8,55.0,857.0,69.0,1.0
220,40.0,32.8,55.0,855.0,69.0,0.0
219,44.0,32.8,55.0,817.0,63.0,3.0
215,48.0,32.8,55.0,675.0,41.0,1.0
225,45.0,32.8,55.0,638.0,36.0,0.0
219,39.0,32.8,55.0,699.0,45.0,0.0
215,44.0,32.8,54.0,678.0,42.0,6.0
201,43.0,32.8,54.0,592.0,29.0,1.0
220,37.0,32.8,55.0,715.0,47.0,0.0
212,39.0,32.8,54.0,728.0,49.0,0.0
214,47.0,32.8,55.0,665.0,40.0,3.0
215,40.0,32.8,55.0,795.0,60.0,0.0
210,39.0,32.8,55.0,675.0,41.0,0.0
214,40.0,32.8,55.0,793.0,59.0,0.0
216,44.0,32.8,55.0,768.0,56.0,0.0
208,46.0,32.8,55.0,645.0,37.0,3.0
208,40.0,32.8,54.0,665.0,40.0,6.0
203,39.0,32.8,54.0,672.0,41.0,0.0
204,37.0,32.8,53.0,580.0,27.0,0.0
200,41.0,32.8,53.0,594.0,29.0,0.0
206,39.0,32.8,53.0,694.0,44.0,0.0
201,39.0,32.8,53.0,631.0,35.0,0.0
204,42.0,33.2,51.0,574.0,26.0,0.0
209,44.0,33.2,51.0,666.0,40.0,0.0
205,39.0,32.8,52.0,688.0,43.0,610.0
213,43.0,32.8,52.0,638.0,36.0,0.0
219,45.0,32.8,52.0,740.0,51.0,0.0
215,41.0,32.8,53.0,763.0,55.0,487.0
213,45.0,32.8,53.0,682.0,42.0,0.0
211,44.0,32.8,53.0,768.0,56.0,0.0
206,44.0,32.8,53.0,768.0,56.0,0.0
207,48.0,32.8,53.0,659.0,39.0,0.0
207,44.0,32.8,53.0,564.0,24.0,0.0
203,44.0,32.8,53.0,624.0,34.0,540.0
202,39.0,32.8,53.0,717.0,48.0,619.0
198,39.0,32.8,53.0,704.0,46.0,539.0
195,39.0,32.8,53.0,692.0,44.0,259.0
198,40.0,32.8,53.0,640.0,36.0,0.0
197,40.0,32.8,53.0,678.0,42.0,28.0
196,42.0,32.8,53.0,572.0,26.0,0.0
195,39.0,32.8,52.0,566.0,25.0,552.0
186,43.0,32.8,52.0,556.0,23.0,227.0
199,44.0,32.8,52.0,868.0,71.0,446.0
200,40.0,32.9,52.0,708.0,46.0,366.0
193,39.0,33.3,50.0,629.0,34.0,620.0
193,43.0,33.3,50.0,539.0,21.0,0.0
202,44.0,33.3,50.0,730.0,50.0,623.0
200,39.0,33.3,50.0,855.0,69.0,0.0
203,46.0,32.8,52.0,643.0,37.0,119.0
203,39.0,32.8,52.0,690.0,44.0,0.0
203,44.0,32.8,52.0,643.0,37.0,496.0
198,47.0,33.2,50.0,520.0,18.0,0.0
201,39.0,33.0,50.0,602.0,30.0,277.0
202,48.0,32.8,52.0,514.0,17.0,530.0
205,40.0,32.8,52.0,602.0,30.0,0.0
200,44.0,32.8,52.0,602.0,30.0,0.0
193,43.0,32.8,52.0,527.0,19.0,87.0
203,44.0,32.8,52.0,560.0,24.0,617.0
195,43.0,32.8,52.0,566.0,25.0,279.0
202,37.0,32.8,52.0,653.0,38.0,0.0
203,40.0,32.8,52.0,653.0,38.0,625.0
201,44.0,32.8,52.0,641.0,36.0,0.0
202,44.0,32.8,52.0,581.0,27.0,80.0
201,39.0,32.8,52.0,646.0,37.0,424.0
205,46.0,32.8,52.0,618.0,33.0,29.0
204,43.0,32.8,52.0,672.0,41.0,2.0
202,40.0,32.8,52.0,668.0,40.0,617.0
196,42.0,32.8,52.0,623.0,33.0,347.0
195,43.0,32.8,52.0,545.0,22.0,0.0
201,44.0,32.8,52.0,605.0,31.0,0.0
193,39.0,32.8,51.0,580.0,27.0,251.0
194,43.0,32.8,51.0,518.0,17.0,234.0
196,37.0,32.8,51.0,455.0,8.0,0.0
192,37.0,32.8,51.0,600.0,30.0,438.0
198,47.0,32.8,51.0,551.0,23.0,0.0
210,44.0,32.8,51.0,627.0,34.0,0.0
191,41.0,32.8,51.0,617.0,33.0,429.0
196,40.0,32.8,51.0,602.0,30.0,461.0
190,42.0,32.8,51.0,581.0,27.0,610.0
192,39.0,32.8,51.0,589.0,28.0,603.0
195,46.0,32.8,51.0,493.0,14.0,0.0
198,40.0,32.8,50.0,539.0,21.0,0.0
191,39.0,32.8,50.0,464.0,9.0,432.0
191,43.0,32.8,49.0,454.0,8.0,0.0
191,39.0,32.8,49.0,493.0,14.0,0.0
